"Guid","AssistantName","AssistantPhone","Birthdate","Department","Description","Email","EmailBouncedReason","Fax","FirstName","HomePhone","Jigsaw","LastName","LeadSource","MailingCity","MailingCountry","MailingGeocodeAccuracy","MailingLatitude","MailingLongitude","MailingPostalCode","MailingState","MailingStreet","MobilePhone","OtherCity","OtherCountry","OtherGeocodeAccuracy","OtherLatitude","OtherLongitude","OtherPhone","OtherPostalCode","OtherState","OtherStreet","Phone","ReportsToId","Salutation","Title"
183c1a30-1147-4402-9ebe-31282834dc2d,"#N/A","#N/A","#N/A","#N/A",Carole White is looking at moving forward with our products and will act as the champion for us.,info@salesforce.com,"#N/A","#N/A",Carole,"#N/A","#N/A",White,Employee Referral,Toronto,Canada,"#N/A","#N/A","#N/A",L4B 1Y3,Ontario,150 Chestnut Street,"#N/A","#N/A","#N/A","#N/A","#N/A","#N/A","#N/A","#N/A","#N/A","#N/A",(415) 555-1212,479eba8b-8ba2-4537-a868-03e57c506ed8,"#N/A",VP Sales
1f37ea18-4c4d-4df9-905c-1dd8f3536339,"#N/A","#N/A","#N/A","#N/A","#N/A","#N/A","#N/A","#N/A","#N/A","#N/A","#N/A",ttt,"#N/A","#N/A","#N/A","#N/A","#N/A","#N/A","#N/A","#N/A","#N/A","#N/A","#N/A","#N/A","#N/A","#N/A","#N/A","#N/A","#N/A","#N/A","#N/A","#N/A","#N/A",Mr.,"#N/A"
328bae93-2713-4e6f-b749-56828c04b8ca,"#N/A","#N/A","#N/A","#N/A","#N/A","#N/A","#N/A","#N/A",Luda,"#N/A","#N/A",X,"#N/A","#N/A","#N/A","#N/A","#N/A","#N/A","#N/A","#N/A","#N/A","#N/A","#N/A","#N/A","#N/A","#N/A","#N/A","#N/A","#N/A","#N/A","#N/A",123456,"#N/A",Ms.,"#N/A"
40067211-9c75-47d6-adb5-338cd165ee25,"#N/A","#N/A","#N/A","#N/A","#N/A","#N/A","#N/A","#N/A","#N/A","#N/A","#N/A",qqq,"#N/A","#N/A","#N/A","#N/A","#N/A","#N/A","#N/A","#N/A","#N/A","#N/A","#N/A","#N/A","#N/A","#N/A","#N/A","#N/A","#N/A","#N/A","#N/A","#N/A","#N/A","#N/A","#N/A"
479eba8b-8ba2-4537-a868-03e57c506ed8,"#N/A","#N/A","#N/A","#N/A","#N/A",info@salesforce.com,"#N/A","#N/A",Geoff,"#N/A","#N/A",Minor,"#N/A",Toronto,Canada,"#N/A","#N/A","#N/A",L4B 1Y3,Ontario,150 Chestnut Street,"#N/A",Toronto,Canada,"#N/A","#N/A","#N/A","#N/A",L4B 1Y3,Ontario,150 Chestnut Street,(415) 555-1212,"#N/A","#N/A",President
5d9ce01d-ef1f-4345-bdef-fcf1416106cc,"#N/A","#N/A","#N/A","#N/A","#N/A",info@salesforce.com,"#N/A",(212) 555-5555,Leanne,"#N/A","#N/A",Tomlin,"#N/A",New York,USA,"#N/A","#N/A","#N/A",31349,NY,10 Main Rd.,"#N/A","#N/A","#N/A","#N/A","#N/A","#N/A","#N/A","#N/A","#N/A","#N/A",(212) 555-5555,"#N/A","#N/A",VP Customer Support
6ad4a833-a086-4206-87a3-2f3d4ef02178,"#N/A","#N/A","#N/A","#N/A","#N/A",info@salesforce.com,"#N/A",(555) 555-1212,Jon,"#N/A","#N/A",Amos,"#N/A",Toronto,Canada,"#N/A","#N/A","#N/A",L4B 1Y3,Ontario,150 Chestnut Street,"#N/A","#N/A","#N/A","#N/A","#N/A","#N/A","#N/A","#N/A","#N/A","#N/A",(905) 555-1212,183c1a30-1147-4402-9ebe-31282834dc2d,"#N/A",Sales Manager
8772ae86-b0da-4867-ab57-a8fb707167af,"#N/A","#N/A","#N/A","#N/A","#N/A","#N/A","#N/A","#N/A",name,"#N/A","#N/A",surname,"#N/A","#N/A","#N/A","#N/A","#N/A","#N/A","#N/A","#N/A","#N/A","#N/A","#N/A","#N/A","#N/A","#N/A","#N/A","#N/A","#N/A","#N/A","#N/A",123456,"#N/A",Ms.,"#N/A"
899e4edd-d22a-43ff-8ecb-0aef1b6a96c4,"#N/A","#N/A","#N/A","#N/A","#N/A","#N/A","#N/A","#N/A",one,"#N/A","#N/A",two,"#N/A","#N/A","#N/A","#N/A","#N/A","#N/A","#N/A","#N/A","#N/A","#N/A","#N/A","#N/A","#N/A","#N/A","#N/A","#N/A","#N/A","#N/A","#N/A","#N/A","#N/A",Ms.,three
98db2515-bb93-485d-8d85-ea261019ff85,"#N/A","#N/A","#N/A","#N/A","#N/A",info@salesforce.com,"#N/A",(212) 555-5555,Edward,"#N/A","#N/A",Stamos,"#N/A",New York City,USA,"#N/A","#N/A","#N/A",31349,NY,10 Main Rd.,"#N/A",New York City,USA,"#N/A","#N/A","#N/A","#N/A",31349,NY,10 Main Rd.,(212) 555-5555,"#N/A","#N/A",President and CEO
a4212392-e34c-4630-97bd-e5e71a1f8573,"#N/A","#N/A","#N/A","#N/A","#N/A","#N/A","#N/A","#N/A",name1,"#N/A","#N/A",surname1,"#N/A","#N/A","#N/A","#N/A","#N/A","#N/A","#N/A","#N/A","#N/A","#N/A","#N/A","#N/A","#N/A","#N/A","#N/A","#N/A","#N/A","#N/A","#N/A",654321,"#N/A","#N/A","#N/A"
af5853cc-e1dd-4fc3-bcb5-327e115c276f,"#N/A","#N/A","#N/A","#N/A","#N/A",info@salesforce.com,"#N/A",(212) 555-5555,Howard,"#N/A","#N/A",Jones,"#N/A",New York,USA,"#N/A","#N/A","#N/A",31349,NY,10 Main Rd.,"#N/A","#N/A","#N/A","#N/A","#N/A","#N/A","#N/A","#N/A","#N/A","#N/A",(212) 555-5555,"#N/A","#N/A",Buyer
bca716a1-e0f8-404d-a5a3-95426ce6d7fa,"#N/A","#N/A","#N/A","#N/A","#N/A","#N/A","#N/A","#N/A",Andreea,"#N/A","#N/A",X,"#N/A","#N/A","#N/A","#N/A","#N/A","#N/A","#N/A","#N/A","#N/A","#N/A","#N/A","#N/A","#N/A","#N/A","#N/A","#N/A","#N/A","#N/A","#N/A",353465768,"#N/A",Ms.,"#N/A"
f1987a2e-f167-45e4-ae9e-759c7651362d,"#N/A","#N/A","#N/A","#N/A","Marc R. Benioff is chairman and CEO of salesforce.com. He founded the company in March 1999 with the idea to create an information utility that would make traditional enterprise software technology and business models obsolete. A veteran of 25 years in the software industry, he is now regarded as a pioneer of ""The End Of Software,"" demonstrating how on-demand applications can replace traditional software to deliver immediate benefit at reduced risk. In May 2003, Benioff was appointed by President George W. Bush as co-chair of the President's Information Technology Advisory Committee (PITAC), a bi-partisan organization of business leaders and academics charged to advise The President on how to maintain the United States' preeminent position in information technology.",info@salesforce.com,"#N/A",(415) 901-7040,Marc,"#N/A","#N/A",Benioff,"#N/A",San Francisco,USA,"#N/A","#N/A","#N/A",94105,CA,"The Landmark @ One Market, Suite 300","#N/A",San Francisco,USA,"#N/A","#N/A","#N/A","#N/A",94105,CA,"The Landmark @ One Market, Suite 300",(415) 901-7000,"#N/A",Mr.,Executive Officer
